ID,Title
1,Celia Schiller
2,Karine Jewess
3,Oswaldo Abshire
4,Izaiah Murphy
5,Abbey Heller
6,Christine Predovic
7,Gilberto Hirthe
8,Charles Willms
9,Mafalda Rowe
10,Grayce Lebsack
11,Geovany Fay
12,Coby Jones
13,Johnny Pollich
14,Annabelle Goldner
15,Watson Funk
16,Vito Lebsack
17,Samir Marks
18,Weston Wisozk
19,Horace Kohler
20,Arno Fay
21,Caitlyn Cole
22,Hardy Ullrich
23,Thad Moen
24,June Brown
25,Constance Koepp
26,Laverna Volkman
27,Zion Sporer
28,Agnes Carroll
29,Kavon Kuphal
30,Lulu Dare
31,Leann Thiel
32,Nakia Jakubowski
33,Amelie Carroll
34,Saige Schowalter
35,Elna Will
36,Candice West
37,Arden Wiza
38,Vesta Torp
39,Denis Considine
40,Liza Gibson
41,Augustine Carroll
42,Rasheed Braun
43,Annabelle Champlin
44,Sydney Thiel
45,Myrna Cormier
46,Matilda Runolfsson
47,General Armstrong
48,Marvin Erdman
49,Jettie Schneider
50,Alverta Rodriguez
51,Garry Ward
52,Annetta Gleichner
53,Dayana Bergnaum
54,Yasmin Murray
55,Alanna Hamill
56,Zaria Okuneva
57,Janis Douglas
58,Cristina Goldner
59,Hilma Damore
60,Isom Boyle
61,Junior Osinski
62,Karley Friesen
63,Tyreek Schiller
64,Hailey Bradtke
65,Jermey Raynor
66,Jay Waters
67,Jamil Ondricka
68,Leslie Prohaska
69,Aurore Cremin
70,Rolando Mann
71,Lindsay Legros
72,Dane Fritsch
73,Maye Weber
74,Delphia Berge
75,Marlon Fahey
76,Katrine Conn
77,Claude Kemmer
78,Alessandro Kuvalis
79,Sebastian Tremblay
80,Ottilie Kassulke
81,Carissa Oberbrunner
82,Josianne Kreiger
83,Karolann Luettgen
84,Helena Yundt
85,Armando Wiegand
86,Chaya Dietrich
87,Roy Wintheiser
88,Justina Waelchi
89,Lionel McKenzie
90,Derrick Hilpert
91,Andrew Bogan
92,Jeffry Davis
93,Erna Crooks
94,Cleta Reichel
95,Van Sanford
96,Milton Fadel
97,Imani Collins
98,Blake Runolfsdottir
99,Annie Ankunding
100,Emma Maggio
101,Hipolito Adams
102,Kaia Will
103,Rylee Erdman
104,Madie Halvorson
105,Scot Ward
106,Kiara Upton
107,Ralph Lueilwitz
108,Hazle Kihn
109,Melvin Raynor
110,Avis Grant
111,Maynard Mayer
112,Weldon Daugherty
113,Mary Lowe
114,Dora Becker
115,Antonia Hoppe
116,Else Nader
117,Loren Russel
118,Coby Wisozk
119,Florencio OReilly
120,Scarlett Bernhard
121,Robbie Donnelly
122,Nicola McClure
123,Anissa Walsh
124,Edward Kessler
125,Bertha Heidenreich
126,Leonardo Wyman
127,Ralph Lynch
128,Lura Koelpin
129,Talia Kirlin
130,Muhammad Ward
131,Rebecca Kuphal
132,Saul Barton
133,Lucinda Reilly
134,Oran Pacocha
135,Neal Marquardt
136,Destiny Renner
137,Rickie Collier
138,Aisha Cruickshank
139,Lincoln Gottlieb
140,Leonie Bruen
141,Kenton Schaefer
142,Zackery Spinka
143,Hermina Murazik
144,Mohamed Hoppe
145,Destany Trantow
146,Glenda Wilkinson
147,Cielo Kub
148,Ola Thiel
149,Herminia Abernathy
150,Rogers Schamberger
151,Belle Johnston
152,Cierra Pfeffer
153,Jermey Dickinson
154,Mary Jones
155,William Pfannerstill
156,Zena Heaney
157,Vivianne Klocko
158,Sydnee Hahn
159,Nicklaus Parker
160,Janice Fahey
161,Meta Harvey
162,Wilhelmine Leannon
163,Hailee Waters
164,Mohamed Ullrich
165,Mya Rempel
166,Filomena Stamm
167,Earl Ryan
168,Delia Quitzon
169,Tod Emmerich
170,Terry Boyer
171,Demarcus Kreiger
172,Stefan Herman
173,Kaden Miller
174,Guiseppe Renner
175,Kendra Wintheiser
176,Baron Aufderhar
177,Palma Hettinger
178,Ella Fahey
179,Minnie Dooley
180,Millie Parisian
181,Darien Hansen
182,Ashleigh Quitzon
183,Jovan Steuber
184,Tomasa Dicki
185,Desmond Kulas
186,Augusta Will
187,Carmel Quigley
188,Lonie Hoppe
189,Maya Lakin
190,Tod Langosh
191,Tyreek Ondricka
192,Mariano Heathcote
193,Israel Moore
194,Floyd Kling
195,Jeffry Grady
196,Gudrun Dickinson
197,Jaida Wuckert
198,Raven Wunsch
199,Mikel Schumm
200,Nona Roob
201,Vivienne Ebert
202,Darian Hilpert
203,Quincy Watsica
204,Winston Walter
205,Candace Beier
206,Adam Senger
207,Augustine Bins
208,Lionel Grady
209,Thalia Bruen
210,Millie Tremblay
211,Lenora Hilpert
212,Gisselle Kutch
213,Jadyn Mosciski
214,Neha McLaughlin
215,Margarete Von
216,Junior Legros
217,Aletha Veum
218,Andreane Marvin
219,Lukas Adams
220,Erwin Robel
221,Bertrand Wiegand
222,Isaac Bruen
223,Opal Larkin
224,Zetta Mayert
225,Leone Corkery
226,Maynard Cummings
227,Devonte Metz
228,Francesco Jaskolski
229,Efren Glover
230,Clay Klein
231,Jackie Walter
232,Daniella Fay
233,Marcia Lang
234,Mia Kshlerin
235,Jaquelin Leffler
236,Dorothy Carroll
237,Krista Lubowitz
238,Melany Dickinson
239,Erich VonRueden
240,Adeline Buckridge
241,Charlene Boyle
242,Armand McClure
243,Cristina White
244,Jonas Klein
245,Jayde Dicki
246,Elouise Bins
247,Stanley Morissette
248,Aurelia Hintz
249,Oswaldo Davis
250,Giovanna Bode
251,Angelo Gaylord
252,Margaret Hegmann
253,Garth Mitchell
254,Thad McClure
255,Demarcus Dicki
256,Imogene Ankunding
257,Odie Jacobson
258,Dandre Parker
259,Tillman Schmeler
260,Raoul Muller
261,Buddy Eichmann
262,Martin Jaskolski
263,Moshe Ondricka
264,Enos Goldner
265,Vickie Zemlak
266,Demario Wolf
267,Onie Hermiston
268,Meta Smitham
269,Ruthe Davis
270,Gaylord Gaylord
271,Roslyn Feeney
272,Xzavier Weissnat
273,Caitlyn Aufderhar
274,Cordelia Wyman
275,Felipa Homenick
276,Salvador Williamson
277,Vergie McDermott
278,Amelie Bogisich
279,Kareem Watsica
280,Abbigail Kling
281,Lillie Hartmann
282,Shad Glover
283,Jasper Beier
284,Jack Wiza
285,Michelle Streich
286,Nathanael Marks
287,Marcus Bosco
288,Kaitlyn Bednar
289,Rhoda Shanahan
290,Doyle Crist
291,Kallie Gorczany
292,Porter McLaughlin
293,Lilla Schmitt
294,Alex Bernier
295,Shanon Kreiger
296,Caleb Senger
297,Selmer Schowalter
298,Brice Shields
299,Osbaldo Murphy
300,Devyn Erdman
301,Karl Dietrich
302,Litzy Pfeffer
303,Elta Marvin
304,Regan Morissette
305,Melody Price
306,Adeline Pfeffer
307,Kiarra Reichel
308,Jewel Walker
309,Charlotte Tremblay
310,Ariel Schmitt
311,Mireille Abshire
312,Lou Auer
313,Alba Lockman
314,Emmett Weissnat
315,Abby Blanda
316,Michale Jenkins
317,Kathlyn Kertzmann
318,Angeline Hessel
319,Vida Waters
320,Ari Cummings
321,Karina OReilly
322,Bertram Mosciski
323,Avis Connelly
324,Coby Klein
325,Isidro Considine
326,Jaclyn Mayer
327,Dalton Ratke
328,Devonte Auer
329,Cody Gislason
330,Elza Graham
331,Xavier Pagac
332,Maximilian Crist
333,Nya Strosin
334,Westley Schowalter
335,Vernie Cartwright
336,Creola Ratke
337,Laurel Paucek
338,Hollie Erdman
339,Janessa Johnson
340,Maribel Mosciski
341,Loyal Abernathy
342,Breana Ferry
343,Raegan Jaskolski
344,Alphonso Homenick
345,Norma Kris
346,Toney Muller
347,Dena Kerluke
348,Damien Dooley
349,Leilani Smitham
350,Leonel Fritsch
351,Alta Pfannerstill
352,Garth Cartwright
353,Adrien Konopelski
354,Marcel Heidenreich
355,Emile Gorczany
356,Shirley Raynor
357,Isidro Cartwright
358,Anderson Swift
359,Kirk Pfeffer
360,Lessie Stracke
361,Peyton Wisoky
362,Orlando Schmidt
363,Creola Ziemann
364,Eli Bayer
365,Keven Hoppe
366,John Gottlieb
367,Virginia Glover
368,Kiera McGlynn
369,Nathanial Ortiz
370,Yesenia Deckow
371,Clotilde Robel
372,Kailey Lowe
373,Lavina Block
374,Mohammed Haley
375,Jailyn Price
376,Vallie Yundt
377,Levi Farrell
378,Caden Considine
379,Emilia Keeling
380,Ollie Koch
381,Caleb Roob
382,Brice Torp
383,Brigitte Graham
384,Micah Gerhold
385,Burdette Reilly
386,Gabrielle Konopelski
387,Scarlett Yost
388,Billy Quigley
389,Earnest Wilkinson
390,Vena Oberbrunner
391,Dante Wisozk
392,Tierra Emmerich
393,Jewell Davis
394,Macie Effertz
395,Tremaine Emard
396,Marjolaine Wilkinson
397,Hubert Steuber
398,Orie Mann
399,Cathy Bogan
400,Maryam Abernathy
